TvBaseR1,680,1
ElectronicDictionary67,970,2
ExhaustFanD8,320,3
MultifunctionalT4,90,4
ServerBarebonesH4,70,5
LaptopDockingStation94,620,6
DotMatrixPrinterK1,690,7
HumidifierY5,470,8
PhysicalSecurityIsolation35,620,9
HumidifierF6,790,8
SteeringWheel71,830,10
HotPotJ2,230,11
BuildingIntercom75,80,12
SerialCommunicationServerE9,170,13
CasetteLibrary26,60,14
MicrophoneDigitalCompanionX4,730,15
Mp437,600,16
ServerPowerO3,860,17
ToiletSeatO7,810,18
DiskArray57,530,19
SecurityCameraY2,230,20
SecurityCamera25,570,20
CameraBattery26,340,21
HumidifierE8,580,8
HardDiskRecording82,450,22
AirConditioner27,220,23
DvrE9,510,24
InkCartridgeU4,890,25
Laptop'SBatteryT2,160,26
PrintServer18,170,27
PhotoBox60,820,28
DotMatrixPrinter76,50,7
PedometerC2,780,29
OpticalTransceiver15,60,30
FlatFilm23,990,31
HardDiskA7,530,32
MobilePhoneCarAccessories90,60,33
TapeDrivesG3,90,34
DesktopPc74,170,35
HomeTheater94,600,36
CardReader59,240,37
Tester04,70,38
PowerSupply63,870,39
WashingMachine56,630,40
GameLightGunGamePeripheral93,710,41
AntivirusAndEmailFiltering05,600,42
OfficeSoftware20,800,43
ScreenSplitterA3,530,44
LightningProtectionProducts26,800,45
AirPurifierV6,900,46
LargeFormatPrinterT5,80,47
Cpu38,830,48
AntivirusSoftwareP9,480,49
BarcodeAndCardReadingEquipment27,380,50
OpticalTransceiver40,440,30
FaxMachineCopierD4,820,51
RemoteControl83,780,52
TvBase65,80,1
LaminatorMoDriveH2,670,53
Anti-SlipMobilePhone26,580,54
TvBase30,500,1
Yuba80,70,55
MonitorB2,720,56
HotelEntertainment81,10,57
Anti-TheftAlarmHostN4,230,58
Charger07,70,59
MobilePower20,930,60
E-BookF8,940,61
OnlineTelephoneO8,870,62
DatabaseSoftwareO6,80,63
FlashAccessories41,460,64
RouterB5,670,65
MultiplexerL3,550,66
DvdPlayer89,770,67
MicroscopeU0,290,68
DesktopPc78,90,35
PrinterH8,790,69
Pbx05,890,70
TvHanger69,570,71
WirelessAccessPointY0,770,72
DigitalCameraS4,500,73
ClusterH8,270,74
GpsI3,680,75
ReceiptPrinter06,730,76
TollMachine89,990,77
MobilePhone49,630,78
HardDiskRecordingT5,560,22
CellPhoneBattery21,210,79
IsbnPrinterA3,650,80
Telescope92,550,81
SerialCommunicationServer74,220,13
AdapterRing70,790,82
OtherAccessoriesQ9,80,83
LaminatingMachineC3,590,84
HandwritingInputE9,120,85
ToasterElectricOvenB8,110,86
MobilePhone56,980,78
DishwasherM7,1000,87
Air-ConditioningFan79,180,88
GameLightGunGamePeripheralL5,180,41
ColorManagementX0,490,89
ReceiptPrinter76,440,76
GasWaterHeaterB3,540,90
HardDisk51,280,91
NetworkCardZ5,840,92
CursorMarkingMachineZ7,520,93
LinePrinterX7,450,94
Mouse12,40,95
LaminatingMachineE3,700,84
IndustrialNetworkSwitchR2,30,96
Anti-TheftAlarmHost23,100,58
PrecisionAirConditionerG9,900,97
ViewfinderL1,610,98
DigitalMobileTvZ2,940,99
WirelessNetworkCardK0,790,100
ElectricToothbrushX5,840,101
PrintMedia70,610,102
CameraRemoteO4,140,103
MonitorF1,960,56
Laptop78,480,104
MultiplexerL4,390,66
LaptopPowerAdapterD3,920,105
CleaningAndMaintenanceD0,160,106
PhysicalSecurityIsolationN5,200,9
LaserPrinterT5,180,107
FlashCardG3,720,108
LaserPrinterC5,520,107
PressureCookerP8,10,109
Cd-RomBox49,280,110
GamePackL5,530,111
CasetteLibraryT2,340,14
LargeFormatPrinterD9,460,47
RepeaterB1,320,112
LcdTvS3,810,113
FruitAndVegetableWashingMachineL2,340,114
FruitAndVegetableWashingMachineF9,650,114
HoodB4,170,115
PlasmaTv10,940,116
DigitalMobileTvH2,330,99
ServerHardDriveJ1,100,117
UDisk10,30,118
ServerHardDrive65,780,117
TrafficManagement93,580,119
VacuumCleaner90,270,120
VacuumCleaner07,310,120
Cabinet07,900,121
ServerBarebones96,620,5
Pbx69,640,70
TvPlayer60,990,122
LaminatorMoDrive12,970,53
InternetBehaviorManagementG2,680,123
WorkstationU5,890,124
BillingSystemI2,100,125
GameMachineWire98,800,126
GameMachineWireH5,680,126
CoffeeMachine86,20,127
RangeHoodE2,880,128
KeyboardAndMouseSet73,370,129
PhotoBox94,820,28
ScreenSplitter58,230,44
Telephone67,910,130
AllInOneComputerT0,880,131
SpeakerAccessoriesG0,300,132
GameChargerA5,170,133
HardDiskExtractionBox93,460,134
WirelessHdS0,940,135
Monocular54,170,136
Anti-SlipMobilePhone87,230,54
LaptopA9,490,104
AirConditioner71,560,23
ComputerRemoteControlG0,520,137
IndustrialControlEquipment34,190,138
FirewallX5,790,139
MobilePowerN6,900,60
GasWaterHeaterS7,790,90
Converter21,680,140
BuildingIntercom04,940,12
CameraFilmQ3,420,141
TonerCartridge20,230,142
FruitAndVegetableWashingMachineU6,30,114
MultimediaSoftwareA8,710,143
CentralControlSystemU8,470,144
WirelessAccessPoint23,910,72
WirelessRouter47,20,145
VideoServerX4,730,146
CableJ6,910,147
WaterHeater57,620,148
Freezer85,160,149
Cd-RomBox87,640,110
IntranetSecurityNetworkVulnerabilityScanningP0,1000,150
NotebookCase47,250,151
LcdTv45,420,113
CustomerManagementSoftwareCrmW1,70,152
PocketPcV3,890,153
ApplicationSupervision29,760,154
RangeHood35,870,128
RemoteControlL3,630,52
NetworkExtenderB5,590,155
DehumidifierP0,410,156
NotebookAccessories20,890,157
WaterHeater71,780,148
MobilePhoneFilm78,810,158
SteeringWheel93,10,10
FocusingScreenU5,810,159
MicrophoneDigitalCompanion64,440,15
Cd-Rom67,860,160
PowerAmplifier15,640,161
ElectricFan12,730,162
PrinterY4,400,69
Chassis83,120,163
AirConditioner85,970,23
Anti-SlipMobilePhoneP4,170,54
KeyboardAndMouseSet74,420,129
CameraRemoteK4,920,103
Pager17,290,164
PaperCutter64,840,165
DesktopPcP3,380,35
OnlineTelephone15,660,62
ToiletSeat05,150,18
MonocularC0,610,136
TabletQ7,880,166
HeatSink24,200,167
Multiplexer89,500,66
ServerMemoryA4,470,168
AttendanceMachineW1,390,169
RealEstateL1,50,170
AntivirusAndEmailFiltering70,320,42
LcdTvV7,870,113
MoneyCounterA3,110,171
ReadingMachine54,270,172
SolarWaterHeaters80,420,173
AirConditioner38,620,23
DigitalCamera75,420,73
FreezerP7,120,149
AntennaSystem39,40,174
ElectricFanS3,800,162
FlashCardU8,120,108
Cd-RomBox81,210,110
HotPot14,480,11
Cd95,190,175
Codec97,670,176
MobilePhoneFilmZ7,240,158
TabletU8,460,166
PaperCutterV5,10,165
CameraBattery40,910,21
ServerMotherboardQ7,140,177
FiberEquipmentF2,810,178
CarEquipment85,920,179
RecordingPenR9,470,180
CarEquipment35,130,179
CameraBagA2,400,181
BillingSystemC5,920,125
WorkstationQ9,590,124
SlrHandleU6,160,182
ElectronicDictionary86,360,2
RepeaterV9,250,183
LensD7,630,184
NotebookFilmZ1,740,185
Cpu37,800,48
DyeSublimationPrinterY6,370,186
SolarWaterHeaters26,50,173
CarEquipmentS3,750,179
CameraBagX6,680,181
CameraBagI1,300,181
ConverterE1,680,140
TonerCartridge96,130,142
ImageAlarmM3,150,187
ToasterElectricOvenO2,400,86
Workstation06,60,124
BluetoothAdapterL1,180,188
SoftwareEncryptionI2,50,189
Air-ConditioningFan38,430,88
IndustrialControlEquipmentB7,390,138
CleaningAndMaintenance12,790,106
CommunicationSoftware60,800,190
DestroyEquipmentM9,690,191
CdDuplicator58,130,192
Monocular31,630,136
SaasSoftwareK7,850,193
CasetteLibraryJ4,230,14
EarphoneV5,730,194
MoneyCounter63,280,171
WaterDispenserO9,760,195
ElectricIron24,730,196
PrecisionAirConditioner90,810,97
DehumidifierK8,460,156
LaserPointersAndPresentersS3,210,197
Monitor57,250,56
CabinetZ4,140,121
ServerMemory84,110,168
SurveillanceAroundN5,590,198
SaasSoftwareZ5,880,193
TabletBagG4,630,199
FocusingScreenP9,30,159
GameJoystick05,820,200
FlashU8,760,201
UpsPowerShredder92,700,202
FunctionServerE7,910,203
CashRegister06,940,204
FaxMachineCopierV8,910,51
MobilePhoneCarAccessoriesW6,720,33
VacuumCleaner75,680,120
TwistedPair02,420,205
VoiceRecording52,720,206
Binoculars12,390,207
LaserPointersAndPresentersD7,660,197
SoyMilkMachineM1,250,208
Yuba48,330,55
CentralControlSystemO7,470,144
MonitorO3,650,209
RemoteControlJ8,390,52
ComputerTerminal43,810,210
CameraBatteryO2,760,21
FlatFilmT9,760,31
HardDiskExtractionBox95,200,134
Mp3A1,900,211
UDiskY8,270,118
ConverterR3,230,140
LoadBalancing61,830,212
ColdLaminatorK3,320,213
DotMatrixPrinterS4,460,7
YubaR4,40,55
LensCap93,900,214
DehumidifierG3,180,156
GameChargerG5,360,133
InternetLivingRoomFitnessW4,240,215
CarEquipment57,630,179
Mp4O7,750,16
TollMachineU6,530,77
NotebookAccessoriesA7,760,157
DyeSublimationPrinterW3,760,186
MotherboardA2,720,216
HotPot92,900,11
CentralWaterHeater34,30,217
TollMachineH9,730,77
BarcodeAndCardReadingEquipment34,140,50
SerialCommunicationServerN8,570,13
FlatFilm27,610,31
Flash95,410,201
Air-ConditioningFan21,140,88
PrintMediaP9,680,102
OfficeEquipmentAccessoriesI1,340,218
AntivirusAndEmailFiltering80,800,42
MobilePhoneJ2,360,78
TapeDrives59,970,34
Multifunctional48,340,4
Program-ControlledSwitchD8,830,219
ElectricBakingPanC6,1000,220
CashRegister74,570,204
NetworkExtenderA0,360,155
Server43,870,221
NetworkExtenderL1,930,155
AttendanceMachine24,410,169
DigitizerX4,550,222
LaserPointersAndPresentersE8,40,197
CentralWaterHeaterV6,240,217
TelephoneM2,580,130
ServerChassisH9,380,223
DigitalFrame12,950,224
PocketPcN8,170,153
BluetoothAdapter64,160,188
SoftwareEncryption15,600,189
BuildingIntercomO1,640,12
ElectricIronD4,560,196
InductionCooker21,180,225
MobilePhoneCompanionI6,540,226
SpeakerAccessoriesB0,580,132
SaasSoftwareE0,590,193
Digitizer29,760,222
OpticalTransceiver76,610,30
FiberEquipmentB0,1000,178
CommunicationSoftware13,870,190
RangeHoodC9,890,128
NotebookFilm95,630,185
InkjetPrintersW0,400,227
LaminatingMachineV6,920,84
LaminatorMoDrive26,690,53
JuicerJ9,80,228
Ram93,10,229
CashRegister62,790,204
LaptopDisplay24,830,230
ImageAlarm54,360,187
InfraredAdapterS3,110,231
SoundCard61,170,232
FlashCard87,600,108
DigitalAccessoriesL9,470,233
Multifunctional39,450,4
InductionCookerE7,780,225
Mp405,910,16
ElectricHeaterE3,660,234
Walkie-TalkieI5,220,235
TabletBag62,30,199
Earphone27,150,194
RemoteControlU8,940,52
WirelessHdX1,710,135
VideoGameControllerZ5,360,236
MobilePhoneChargerD7,180,237
Cd24,850,175
Multifunctional31,470,4
KeyboardS0,710,238
FootBathEyeProtectionLampG9,210,239
ToasterElectricOven06,820,86
ChassisZ1,810,163
VideoCaptureCard04,520,240
Scanner43,820,241
ElectronicDictionaryG3,290,2
PbxW9,990,70
LaptopC6,610,104
DyeSublimationPrinterA3,650,186
FaxMachineCopierY2,300,51
TransceiverU0,430,242
BuildingIntercom95,970,12
GameConsoleFilmN3,70,243
CabinetS3,940,121
CashRegisterM3,720,204
LoadBalancingK8,130,212
BindingMachineM0,740,244
TabletBaseW5,360,245
ElectricFanU8,230,162
LcdMonitor47,630,246
MonitorH7,630,209
CameraFilm45,720,141
Program-ControlledSwitchS6,100,219
SoyMilkMachine50,970,208
MouseFootStickerK1,190,247
LensCapN9,130,214
DatabaseSoftwareT5,830,63
ComputerRemoteControl02,180,137
DisinfectionCabinetX2,520,248
Earphone49,440,194
AccessControlMachineY2,720,249
CallCenterC9,510,250
AirPurifierD4,540,46
TranslationSoftware40,660,251
LaptopDesk43,960,252
ServerR5,650,221
RadioYogurtMakerP4,80,253
ServerO3,900,221
AttendanceMachine76,980,169
Ribbon17,60,254
Dishwasher20,230,87
DyeSublimationPrinter41,110,186
Router48,920,65
Barebones71,190,255
Digitizer39,640,222
ChargerD9,420,59
DiskArray34,410,19
LcdTvG1,550,113
ToiletSeatC2,650,18
EpilatorA8,110,256
TelephoneConferenceI1,630,257
ElectricToothbrush21,380,101
BluetoothAdapterP2,760,188
FocusingScreenU8,350,159
SurveillanceCaptureCardO3,120,258
Massager63,80,259
WirelessSecurityS4,330,260
RamZ7,590,229
ModularInterfaceCardHub47,970,261
TvWall19,300,262
TvBaseT6,990,1
LoadBalancingD6,480,212
AccessControlMachine78,890,249
UDiskK0,530,118
DotMatrixPrinterV1,410,7
WaterDispenserI8,20,195
Mouse94,540,95
FunctionServerO8,520,203
ImageAlarm30,880,187
VideoServerD1,760,146
PrintMediaY8,10,102
VideoCaptureCard60,750,240
NotebookFilmY0,780,185
Monitor75,180,209
MotherboardChipsetK8,240,263
Dishwasher49,410,87
HoodX9,590,115
Anti-SlipMobilePhone15,240,54
HeatSink10,390,167
FlatFilm07,560,31
WaterDispenserY1,80,195
ElectricIronB1,950,196
Walkie-Talkie31,980,235
MicrophoneDigitalCompanion60,200,15
FootBathEyeProtectionLamp14,760,239
Anti-TheftAlarmHost87,760,58
ShutterReleaseP4,740,264
PrintMediaD1,380,102
DisinfectionCabinetQ3,780,248
ChargerF5,330,59
GasWaterHeaterN7,570,90
ImageSoftwareTypesettingSoftwareP6,720,265
PocketPc54,490,153
WirelessNetworkCardX4,580,100
MobileHardDisk42,60,266
ElectricFanE2,900,162
AidedDesign56,790,267
Micro-WaveOvenJ2,500,268
E-Book16,140,61
Anti-SlipMobilePhoneP9,150,54
Telescope03,630,81
OfficeEquipmentAccessories21,190,218
Filter91,940,269
Console71,230,270
LoadBalancingY7,620,212
WaterHeater40,840,148
CuttingPlotterD4,840,271
InkjetPrintersS4,560,227
ServerAccessoriesO3,140,272
ColdLaminator86,370,213
TvWallQ1,330,262
Camera95,860,273
DatabaseSoftware09,680,63
CardReaderQ0,790,37
DisinfectionCabinetQ0,620,248
TvBaseP0,350,1
CursorMarkingMachineR0,370,93
RefrigeratorZ7,70,274
Ssd73,930,275
Digitizer54,370,222
ChargerU3,790,59
LaptopDesk45,450,252
AccessControlSystem78,740,276
SetTopBoxI0,170,277
Speaker30,160,278
LaptopDisplayF0,930,230
FruitAndVegetableWashingMachineX1,580,114
TelescopeL9,950,81
ServerChassis79,260,223
SetTopBoxD3,70,277
Charger01,990,59
InductionDetector38,1000,279
TabletD9,460,166
SoftwareEncryption06,90,189
MobilePhoneFilm18,420,158
RibbonS0,520,254
LightningProtectionProductsK9,10,45
TapeDrivesH2,600,34
ConnectingLine92,780,280
ConnectingLine13,470,280
PrecisionAirConditionerK9,690,97
VoiceRecordingL5,350,206
DigitalMobileTvO8,510,99
BinocularsJ1,910,207
RadioYogurtMaker82,870,253
EpilatorR1,570,256
AntivirusAndEmailFiltering47,830,42
ClusterR4,820,74
ComputerFingerprintEncryptionLock83,270,281
Gps07,980,75
SolarWaterHeaters12,590,173
Cabinet97,530,121
SteeringWheel49,850,10
Blu-RayPlayerD5,700,282
Router92,190,65
Cd74,800,175
GamePackW4,810,111
SpeakerAccessories96,370,132
WirelessHd53,770,135
InkCartridgeO9,390,25
TesterO7,840,38
Tape53,580,283
PowerAmplifierA3,720,161
CdPrintRecorder57,780,284
SoyMilkMachineF7,820,208
AntivirusSoftware09,460,49
OperatingSystemY5,900,285
NotebookCaseZ1,610,151
GameConsoleBattery25,190,286
BarcodeAndCardReadingEquipment20,90,50
PowerLineCommunicationEquipment94,790,287
GpsE3,680,75
ServerBarebonesT3,70,5
TvHanger86,230,71
MotherboardP7,850,216
TabletBase04,390,245
ImageSoftwareTypesettingSoftwareC6,450,265
GraphicsCardC0,380,288
VideoDistributorR8,590,289
GameConsoleBatteryB1,820,286
DesktopPc48,480,35
ScannerO9,550,241
HeatSink95,520,167
OfficeEquipmentAccessories24,230,218
MobilePhoneFilmH3,690,158
HumidifierY1,850,8
ServerPower76,470,17
WirelessAccessPointZ1,220,72
AccessControlMachineA8,350,249
CabinetZ3,730,121
GasWaterHeaterF4,80,90
MobilePhoneCharger07,680,237
LightningProtectionProductsD6,240,45
ToiletSeatU4,200,18
GameChargerN0,590,133
ToiletSeatM4,390,18
WirelessAccessPointR1,490,72
LightningProtectionProductsE4,170,45
TranslationSoftwareU0,160,251
RecordingPenA3,30,180
CdPrintRecorder13,540,284
CableAdapterCardN9,680,290
ServerAccessories10,440,272
GameMachineWire89,850,126
VideoCaptureCard83,410,240
ElectricFencF6,60,291
ServerPowerH6,770,17
UDiskJ7,10,118
PrintServerV0,840,27
DiskArrayM7,570,19
GameConsoleBatteryZ5,430,286
TelephoneConferenceY7,50,257
BarcodeAndCardReadingEquipment71,500,50
SoundCard93,240,232
RouterX4,710,65
ServerChassis71,950,223
GameConsoleBattery50,890,286
CentralWaterHeaterX5,360,217
PaperCutterI4,570,165
AdapterRing49,20,82
ImageSoftwareTypesettingSoftware28,250,265
LaserPointersAndPresentersV2,600,197
ReadingMachineQ3,480,172
CasetteLibraryD5,220,14
LensQ4,260,184
CdX0,270,175
AidedDesignV1,670,267
Cd-Rom02,650,160
SetTopBox78,150,277
DigitalMobileTv28,180,99
LaptopDockingStationF9,550,6
Hand-HeldGamingDeviceD7,660,292
Digitizer56,130,222
ServerMotherboardY0,70,177
FiberEquipmentC4,740,178
ColdLaminator63,870,213
VoiceRecordingR0,310,206
SecurityCameraS5,550,20
TeachingSoftware73,670,293
TranslationSoftware03,120,251
ComputerFingerprintEncryptionLock04,520,281
SteeringWheelI5,700,10
MobileHardDisk72,460,266
RecordingPenM2,210,180
LinePrinter31,460,94
OfficeSoftwareT1,460,43
BindingMachine56,800,244
HardDisk52,360,294
DestroyEquipment65,660,191
ScreenSplitterX5,730,44
HotPotI6,780,11
Dishwasher18,720,87
MouseB8,130,95
ServerPower40,670,17
DigitalFrame48,510,224
ServerPowerV7,390,17
WaterHeater94,20,148
MobilePhoneCarAccessories21,660,33
TrafficManagementN0,580,119
Hand-HeldGamingDeviceO6,70,292
TelephoneConference05,850,257
NetworkCardG1,780,92
OperatingSystemH9,660,285
TollMachineJ1,30,77
RadioYogurtMaker75,260,253
VideoServerY0,880,146
TabletBase60,540,245
PhysicalSecurityIsolationD9,550,9
Program-ControlledSwitchS2,480,219
MotherboardChipsetY5,690,263
Cpu68,350,48
SpeakerAccessories69,610,132
RibbonD5,180,254
CardReaderL3,170,37
RealEstateW0,460,170
ImageAlarm41,780,187
MobilePowerK1,440,60
PowerAmplifierJ9,990,161
SurveillanceCaptureCard79,710,258
Multimedia39,750,295
GameConsoleMemory17,690,296
VideoDistributorZ5,890,289
Tripod50,580,297
Repeater18,120,112
RamY9,60,229
Cluster15,320,74
FlatFilm91,310,31
PhotoBox56,920,28
DesktopPcZ6,440,35
IndustrialControlEquipment60,590,138
PrintServer04,350,27
Minicomputer24,730,298
CleaningAndMaintenanceE5,700,106
NetworkManagementAndBackupSoftwarevirtualizationSoftware51,340,299
Cd49,530,175
RemoteControlI4,630,52
TwistedPairW0,400,205
WirelessNetworkCardL1,40,100
CashRegisterY2,790,204
SoftwareEncryptionY3,80,189
VideoServer94,980,146
Ribbon48,600,254
Gps21,320,75
Server40,670,221
LoadBalancingY3,460,212
EarphoneP5,710,194
WirelessSecurity90,60,260
MobilePhoneStylus63,900,300
SlrHandle74,730,182
TabletCase05,260,301
DvdPlayerG0,330,67
BillingSystem06,820,125
GameChargerK2,20,133
HomeTheater30,130,36
PaperCutter65,470,165
AccessControlMachineK1,490,249
TollMachine62,510,77
FiberEquipment38,810,178
Codec76,590,176
Hood15,790,115
LaptopPowerAdapter37,540,105
CursorMarkingMachine03,870,93
MailServerSoftware74,960,302
MobilePhoneStylusX9,440,300
DigitalFrameE7,360,224
CardReaderQ9,780,37
OfficeEquipmentAccessories73,830,218
Hand-HeldGamingDeviceN2,210,292
OpticalTransceiver46,390,30
GasWaterHeaterF8,900,90
AccessController53,720,303
MonitorU9,870,56
ComputerFingerprintEncryptionLockE3,580,281
CommunicationSoftware34,870,190
All-In-OnePrintingMachineW9,650,304
IntegratedWiringZ2,360,305
ServerBarebonesM0,720,5
AirPurifierO6,200,46
TranslationSoftware97,770,251
ElectricBakingPan74,290,220
PocketPc24,950,153
FiberOpticCableT6,730,306
MonocularY1,740,136
CdPrintRecorderL8,940,284
MultifunctionalF7,440,4
Cpu60,780,48
OfficeEquipmentAccessories10,530,218
Toner79,90,307
Tablet90,240,166
CdPrintRecorder59,310,284
ColdLaminatorV6,180,213
AidedDesign81,540,267
AudioAndVideoCableP6,210,308
ServerHardDrive17,120,117
Speaker31,630,278
GameChargerZ3,460,133
RadioYogurtMaker92,140,253
Anti-TheftAlarmHost50,310,58
CameraBattery09,160,21
RangeHoodO1,630,128
MobilePhoneCompanion86,200,226
PhotoBoxP3,30,28
TwistedPairU0,450,205
ElectricKettleR3,570,309
DevelopSoftware23,100,310
CameraBag51,420,181
CasetteLibraryI1,370,14
Monitor84,370,56
TelephoneU9,870,130
AntivirusAndEmailFilteringE7,70,42
KeyboardAndMouseSet90,90,129
DestroyEquipment06,570,191
Switch59,880,311
PressureCookerS7,540,109
ServerMotherboard86,550,177
CentralControlSystem74,590,144
NotebookAccessoriesA6,440,157
LargeFormatPrinter95,550,47
RadioYogurtMakerR4,590,253
CoffeeMachineK4,650,127
FocusingScreenR8,350,159
E-Book87,780,61
Pbx97,260,70
InkCartridgeX2,460,25
ElectricHeaterP7,50,234
Massager82,70,259
LaminatingMachineY9,160,84
PrecisionAirConditionerK4,40,97
SolarWaterHeatersU5,230,173
CellphoneDataLine14,530,312
DigitalMobileTv84,610,99
Mp4C9,760,16
CustomerManagementSoftwareCrm50,580,152
SoundCardE9,180,232
SerialCommunicationServer64,970,13
DvrL0,870,24
EpilatorO0,710,256
SurveillanceCaptureCardD5,200,258
PhotocopyingMachineS8,860,313
Hand-HeldGamingDeviceL3,510,292
PhotoBoxU2,780,28
PedometerT4,240,29
CoffeeMachineL7,210,127
Air-ConditioningFan51,130,88
HardDiskExtractionBoxA4,270,134
IndustrialNetworkSwitchA7,80,96
SecurityCamera42,20,20
SaasSoftware94,780,193
EpilatorW2,430,256
Pbx06,310,70
LensI9,950,184
Program-ControlledSwitchZ8,150,219
DisplayChipB4,220,314
CleaningAndMaintenanceY4,830,106
HotelEntertainment63,100,57
LensCapU7,640,214
MouseG8,190,95
Hand-HeldGamingDeviceR5,840,292
FlashAccessories76,90,64
UpsPowerShredderT7,540,202
RiceCooker18,410,315
MousePad98,1000,316
PhoneVoiceCardC4,930,317
UpsPowerShredderT4,760,202
CardPrinterP8,550,318
LaptopDesk56,850,252
NotebookAccessories35,420,157
HoodP6,590,115
Blu-RayPlayerG1,990,282
CursorMarkingMachine84,900,93
LargeFormatPrinterW0,320,47
DiskArray38,430,19
DehumidifierT0,710,156
YubaE3,710,55
LabelPrinterA6,980,319
ServerAccessories38,770,272
Tablet82,380,166
CustomerManagementSoftwareCrm36,590,152
ModularInterfaceCardHub96,470,261
ElectricHeaterR1,750,234
MassagerU3,260,259
ElectricIronD7,530,196
SetTopBoxV1,270,277
VoiceRecording38,520,206
Repeater97,970,112
WirelessNetworkCardN4,950,100
Dehumidifier97,300,156
Multimedia49,870,295
DvdPlayer78,980,67
LaptopDockingStationQ9,780,6
CellphoneDataLineP5,60,312
All-In-OnePrintingMachine57,90,304
ServerHardDriveB3,910,117
DigitalAccessoriesD7,960,233
MobilePhoneBaseX8,20,320
Scanner87,120,241
FlashAccessories02,560,64
AidedDesign24,30,267
DigitalCamera90,460,73
Freezer65,990,149
PocketPcE0,700,153
MobilePowerV4,540,60
HairDryer59,50,321
MobilePhoneChargerF9,740,237
TripodF5,140,297
ToasterElectricOvenX4,300,86
MicrophoneDigitalCompanionF7,580,15
TonerCartridgeH6,570,142
RepeaterK4,250,183
FiberOpticCable39,240,306
Keyboard28,890,238
OfficeSoftwareS9,10,43
FiberEquipmentH6,1000,178
Blu-RayPlayer63,550,282
GameConsoleFilmN2,740,243
CameraFilmO0,360,141
Ssd50,270,275
WaterDispenser12,810,195
ConnectingLine29,200,280
VideoServer62,260,146
E-BookD6,490,61
TrafficManagementF4,690,119
WirelessHdC8,810,135
AirConditionerF9,290,23
MotherboardZ4,580,216
SetTopBoxW7,500,277
PrecisionAirConditionerI6,1000,97
LaptopI7,300,104
WirelessNetworkCardD4,280,322
HotelEntertainmentV4,310,57
CodecH2,850,176
FocusingScreenU7,540,159
ConsoleA3,320,270
PhysicalSecurityIsolation71,460,9
LensCapR5,850,214
Tester74,810,38
AidedDesign96,990,267
SaasSoftwareY1,40,193
ConnectingLine54,170,280
ElectricHeater39,1000,234
Epilator24,700,256
TeachingSoftwareO3,260,293
UpsPowerShredderJ5,820,202
FlashAccessories19,300,64
TapeS1,40,283
OfficeSoftwareD7,670,43
Air-ConditioningFan81,310,88
ImageAlarmA1,930,187
InkCartridgeC4,160,25
PowerLineCommunicationEquipmentZ2,620,287
LaminatorMoDriveP4,200,53
ServerAccessoriesC2,570,272
FootBathEyeProtectionLamp74,720,239
Razor72,970,323
NotebookCaseF3,480,151
ToasterElectricOven64,670,86
MobilePhoneCarAccessoriesR1,370,33
FlashCard95,180,108
NetworkCardC7,320,92
Scanner21,880,241
InternetBehaviorManagement96,920,123
SoftwareEncryptionP5,70,189
TelephoneH7,420,130
Mp4Z2,230,16
NotebookCase03,40,151
Anti-TheftAlarmHostW0,760,58
CarEquipment58,370,179
ScreenSplitterB7,390,44
BarcodeAndCardReadingEquipment70,640,50
NotebookAccessoriesA4,210,157
FruitAndVegetableWashingMachineX6,80,114
CustomerManagementSoftwareCrm49,640,152
ElectricBakingPanN2,690,220
FiberOpticCableI3,820,306
SerialCommunicationServerP5,650,13
PrintServerX4,340,27
MobilePowerO4,240,60
Program-ControlledSwitchB0,340,219
NotebookCaseP4,530,151
UpsPowerShredder19,110,202
GasStoves79,120,324
HairDryerX7,300,321
GameMachineWire80,120,126
IsbnPrinterW6,250,80
ComputerRemoteControlN5,90,137
PrintMediaL2,340,102
HumidifierZ4,610,8
LaptopDockingStation45,200,6
DigitalCamera56,540,73
DigitalCamera85,110,325
InductionCookerD2,560,225
TonerCartridge29,950,142
Filter19,870,269
WirelessNetworkCard58,940,322
Camera35,270,273
CellphoneDataLine26,700,312
ScreenSplitterN4,300,44
KeyboardAndMouseSetF3,520,129
CentralWaterHeaterI0,760,217
RangeHoodI8,300,128
LightningProtectionProductsV0,500,45
