T67P542,TvBaseR1,680,
E6N2308,ElectronicDictionary67,970,
E9G8372,ExhaustFanD8,320,
M421X86,MultifunctionalT4,90,
SE17564,ServerBarebonesH4,70,
L17546O,LaptopDockingStation94,620,
D8150P6,DotMatrixPrinterK1,690,
HD86793,HumidifierY5,470,
P41857Y,PhysicalSecurityIsolation35,620,
HD86793,HumidifierF6,790,
SY73215,SteeringWheel71,830,
H7143H9,HotPotJ2,230,
B239N58,BuildingIntercom75,80,
S2180L4,SerialCommunicationServerE9,170,
C95F078,CasetteLibrary26,60,
MR92570,MicrophoneDigitalCompanionX4,730,
M9J6453,Mp437,600,
S5291W4,ServerPowerO3,860,
T35X601,ToiletSeatO7,810,
D7903R1,DiskArray57,530,
S86042Z,SecurityCameraY2,230,
S86042Z,SecurityCamera25,570,
C3752Y9,CameraBattery26,340,
HD86793,HumidifierE8,580,
H8713D4,HardDiskRecording82,450,
A35J746,AirConditioner27,220,
D56294N,DvrE9,510,
I41V392,InkCartridgeU4,890,
L7B6430,Laptop'SBatteryT2,160,
P1275R8,PrintServer18,170,
P4052D1,PhotoBox60,820,
D8150P6,DotMatrixPrinter76,50,
P20O395,PedometerC2,780,
OP18549,OpticalTransceiver15,60,
FK39705,FlatFilm23,990,
H5684K7,HardDiskA7,530,
M79W815,MobilePhoneCarAccessories90,60,
T739U65,TapeDrivesG3,90,
D0Q2543,DesktopPc74,170,
HW53167,HomeTheater94,600,
C741G20,CardReader59,240,
T0E9518,Tester04,70,
P968H24,PowerSupply63,870,
W08294X,WashingMachine56,630,
G053V91,GameLightGunGamePeripheral93,710,
A08264O,AntivirusAndEmailFiltering05,600,
O8C6513,OfficeSoftware20,800,
S7K6834,ScreenSplitterA3,530,
L47869Q,LightningProtectionProducts26,800,
AE80564,AirPurifierV6,900,
L92148E,LargeFormatPrinterT5,80,
C02614Q,Cpu38,830,
A392R56,AntivirusSoftwareP9,480,
B830R57,BarcodeAndCardReadingEquipment27,380,
OP18549,OpticalTransceiver40,440,
F8E7125,FaxMachineCopierD4,820,
R243J08,RemoteControl83,780,
T67P542,TvBase65,80,
L0528N6,LaminatorMoDriveH2,670,
A273M51,Anti-SlipMobilePhone26,580,
T67P542,TvBase30,500,
YS95071,Yuba80,70,
M328K91,MonitorB2,720,
HI14706,HotelEntertainment81,10,
A37260X,Anti-TheftAlarmHostN4,230,
C48967S,Charger07,70,
M97X845,MobilePower20,930,
E7R6098,E-BookF8,940,
O032T69,OnlineTelephoneO8,870,
DR28405,DatabaseSoftwareO6,80,
F76983D,FlashAccessories41,460,
R5F0782,RouterB5,670,
MM72065,MultiplexerL3,550,
DT47956,DvdPlayer89,770,
M713N46,MicroscopeU0,290,
D0Q2543,DesktopPc78,90,
P8130N9,PrinterH8,790,
P7604Q5,Pbx05,890,
T28310Y,TvHanger69,570,
WJ50817,WirelessAccessPointY0,770,
D50A198,DigitalCameraS4,500,
C96H382,ClusterH8,270,
G21467A,GpsI3,680,
RC12709,ReceiptPrinter06,730,
T7E2913,TollMachine89,990,
MR46392,MobilePhone49,630,
H8713D4,HardDiskRecordingT5,560,
C681E75,CellPhoneBattery21,210,
I291Q38,IsbnPrinterA3,650,
TU23769,Telescope92,550,
S2180L4,SerialCommunicationServer74,220,
A794O23,AdapterRing70,790,
O853L07,OtherAccessoriesQ9,80,
LR91308,LaminatingMachineC3,590,
H4239U1,HandwritingInputE9,120,
T9T8140,ToasterElectricOvenB8,110,
MR46392,MobilePhone56,980,
D230D47,DishwasherM7,1000,
A50L172,Air-ConditioningFan79,180,
G053V91,GameLightGunGamePeripheralL5,180,
C6C1543,ColorManagementX0,490,
RC12709,ReceiptPrinter76,440,
GC81302,GasWaterHeaterB3,540,
H239M48,HardDisk51,280,
N89L425,NetworkCardZ5,840,
CY08734,CursorMarkingMachineZ7,520,
L15649H,LinePrinterX7,450,
M6328D7,Mouse12,40,
LR91308,LaminatingMachineE3,700,
I072X68,IndustrialNetworkSwitchR2,30,
A37260X,Anti-TheftAlarmHost23,100,
P3650F7,PrecisionAirConditionerG9,900,
VM86749,ViewfinderL1,610,
D0W8356,DigitalMobileTvZ2,940,
W49310P,WirelessNetworkCardK0,790,
E738Y40,ElectricToothbrushX5,840,
PY35974,PrintMedia70,610,
C98142A,CameraRemoteO4,140,
M328K91,MonitorF1,960,
L8N0649,Laptop78,480,
MM72065,MultiplexerL4,390,
L504L71,LaptopPowerAdapterD3,920,
C46258Y,CleaningAndMaintenanceD0,160,
P41857Y,PhysicalSecurityIsolationN5,200,
L0X9362,LaserPrinterT5,180,
F6L2495,FlashCardG3,720,
L0X9362,LaserPrinterC5,520,
P6398B4,PressureCookerP8,10,
CF29758,Cd-RomBox49,280,
GS13927,GamePackL5,530,
C95F078,CasetteLibraryT2,340,
L92148E,LargeFormatPrinterD9,460,
R54810N,RepeaterB1,320,
L891S65,LcdTvS3,810,
F24170J,FruitAndVegetableWashingMachineL2,340,
F24170J,FruitAndVegetableWashingMachineF9,650,
H089L35,HoodB4,170,
P15647X,PlasmaTv10,940,
D0W8356,DigitalMobileTvH2,330,
S2501J4,ServerHardDriveJ1,100,
U198C32,UDisk10,30,
S2501J4,ServerHardDrive65,780,
T9508D4,TrafficManagement93,580,
V5W8496,VacuumCleaner90,270,
V5W8496,VacuumCleaner07,310,
C2056I7,Cabinet07,900,
SE17564,ServerBarebones96,620,
P7604Q5,Pbx69,640,
TO87603,TvPlayer60,990,
L0528N6,LaminatorMoDrive12,970,
I357B21,InternetBehaviorManagementG2,680,
W9718W3,WorkstationU5,890,
BP82450,BillingSystemI2,100,
G071O86,GameMachineWire98,800,
G071O86,GameMachineWireH5,680,
C6C1349,CoffeeMachine86,20,
R796N84,RangeHoodE2,880,
K62879Z,KeyboardAndMouseSet73,370,
P4052D1,PhotoBox94,820,
S7K6834,ScreenSplitter58,230,
T0X9417,Telephone67,910,
A31Y204,AllInOneComputerT0,880,
S93N807,SpeakerAccessoriesG0,300,
G9372K0,GameChargerA5,170,
H18Z450,HardDiskExtractionBox93,460,
WC49732,WirelessHdS0,940,
M8I1749,Monocular54,170,
A273M51,Anti-SlipMobilePhone87,230,
L8N0649,LaptopA9,490,
A35J746,AirConditioner71,560,
C7826A5,ComputerRemoteControlG0,520,
I94V518,IndustrialControlEquipment34,190,
F4K6753,FirewallX5,790,
M97X845,MobilePowerN6,900,
GC81302,GasWaterHeaterS7,790,
C04R672,Converter21,680,
B239N58,BuildingIntercom04,940,
C58G293,CameraFilmQ3,420,
T0829X7,TonerCartridge20,230,
F24170J,FruitAndVegetableWashingMachineU6,30,
M4Y8765,MultimediaSoftwareA8,710,
C2B7139,CentralControlSystemU8,470,
WJ50817,WirelessAccessPoint23,910,
WM85971,WirelessRouter47,20,
V0W6342,VideoServerX4,730,
C97014N,CableJ6,910,
W1473B8,WaterHeater57,620,
F9135R4,Freezer85,160,
CF29758,Cd-RomBox87,640,
IZ80719,IntranetSecurityNetworkVulnerabilityScanningP0,1000,
N13J804,NotebookCase47,250,
L891S65,LcdTv45,420,
CS90168,CustomerManagementSoftwareCrmW1,70,
P09Y825,PocketPcV3,890,
AE91287,ApplicationSupervision29,760,
R796N84,RangeHood35,870,
R243J08,RemoteControlL3,630,
N74Y235,NetworkExtenderB5,590,
D51962U,DehumidifierP0,410,
N62Z458,NotebookAccessories20,890,
W1473B8,WaterHeater71,780,
M0467E1,MobilePhoneFilm78,810,
SY73215,SteeringWheel93,10,
F9N8470,FocusingScreenU5,810,
MR92570,MicrophoneDigitalCompanion64,440,
CO19853,Cd-Rom67,860,
P56U187,PowerAmplifier15,640,
EZ12538,ElectricFan12,730,
P8130N9,PrinterY4,400,
CN93120,Chassis83,120,
A35J746,AirConditioner85,970,
A273M51,Anti-SlipMobilePhoneP4,170,
K62879Z,KeyboardAndMouseSet74,420,
C98142A,CameraRemoteK4,920,
P6O1843,Pager17,290,
P02C741,PaperCutter64,840,
D0Q2543,DesktopPcP3,380,
O032T69,OnlineTelephone15,660,
T35X601,ToiletSeat05,150,
M8I1749,MonocularC0,610,
T035M47,TabletQ7,880,
H64578X,HeatSink24,200,
MM72065,Multiplexer89,500,
S7843Q5,ServerMemoryA4,470,
A4A8763,AttendanceMachineW1,390,
R2I4560,RealEstateL1,50,
A08264O,AntivirusAndEmailFiltering70,320,
L891S65,LcdTvV7,870,
MC32085,MoneyCounterA3,110,
R58049A,ReadingMachine54,270,
S8465W1,SolarWaterHeaters80,420,
A35J746,AirConditioner38,620,
D50A198,DigitalCamera75,420,
F9135R4,FreezerP7,120,
AU79605,AntennaSystem39,40,
EZ12538,ElectricFanS3,800,
F6L2495,FlashCardU8,120,
CF29758,Cd-RomBox81,210,
H7143H9,HotPot14,480,
C2F0671,Cd95,190,
C45R631,Codec97,670,
M0467E1,MobilePhoneFilmZ7,240,
T035M47,TabletU8,460,
P02C741,PaperCutterV5,10,
C3752Y9,CameraBattery40,910,
S40897X,ServerMotherboardQ7,140,
FG91426,FiberEquipmentF2,810,
CZ28413,CarEquipment85,920,
R7248S9,RecordingPenR9,470,
CZ28413,CarEquipment35,130,
C37A594,CameraBagA2,400,
BP82450,BillingSystemC5,920,
W9718W3,WorkstationQ9,590,
S956G17,SlrHandleU6,160,
E6N2308,ElectronicDictionary86,360,
RZ42653,RepeaterV9,250,
LO12047,LensD7,630,
NY39107,NotebookFilmZ1,740,
C02614Q,Cpu37,800,
D265U39,DyeSublimationPrinterY6,370,
S8465W1,SolarWaterHeaters26,50,
CZ28413,CarEquipmentS3,750,
C37A594,CameraBagX6,680,
C37A594,CameraBagI1,300,
C04R672,ConverterE1,680,
T0829X7,TonerCartridge96,130,
I36Z941,ImageAlarmM3,150,
T9T8140,ToasterElectricOvenO2,400,
W9718W3,Workstation06,60,
B189A57,BluetoothAdapterL1,180,
S6I1543,SoftwareEncryptionI2,50,
A50L172,Air-ConditioningFan38,430,
I94V518,IndustrialControlEquipmentB7,390,
C46258Y,CleaningAndMaintenance12,790,
C367T20,CommunicationSoftware60,800,
D7Y5182,DestroyEquipmentM9,690,
C63081N,CdDuplicator58,130,
M8I1749,Monocular31,630,
SR61908,SaasSoftwareK7,850,
C95F078,CasetteLibraryJ4,230,
E895N12,EarphoneV5,730,
MC32085,MoneyCounter63,280,
W05C734,WaterDispenserO9,760,
EE05684,ElectricIron24,730,
P3650F7,PrecisionAirConditioner90,810,
D51962U,DehumidifierK8,460,
L29837Y,LaserPointersAndPresentersS3,210,
M328K91,Monitor57,250,
C2056I7,CabinetZ4,140,
S7843Q5,ServerMemory84,110,
S15H647,SurveillanceAroundN5,590,
SR61908,SaasSoftwareZ5,880,
T1239W5,TabletBagG4,630,
F9N8470,FocusingScreenP9,30,
G8573U9,GameJoystick05,820,
F790I64,FlashU8,760,
UL87156,UpsPowerShredder92,700,
FC40169,FunctionServerE7,910,
C634K72,CashRegister06,940,
F8E7125,FaxMachineCopierV8,910,
M79W815,MobilePhoneCarAccessoriesW6,720,
V5W8496,VacuumCleaner75,680,
TS64823,TwistedPair02,420,
V6Q9754,VoiceRecording52,720,
B8E1796,Binoculars12,390,
L29837Y,LaserPointersAndPresentersD7,660,
SW03642,SoyMilkMachineM1,250,
YS95071,Yuba48,330,
C2B7139,CentralControlSystemO7,470,
M85D039,MonitorO3,650,
R243J08,RemoteControlJ8,390,
CG63821,ComputerTerminal43,810,
C3752Y9,CameraBatteryO2,760,
FK39705,FlatFilmT9,760,
H18Z450,HardDiskExtractionBox95,200,
M2589S0,Mp3A1,900,
U198C32,UDiskY8,270,
C04R672,ConverterR3,230,
L85R920,LoadBalancing61,830,
C9520Y6,ColdLaminatorK3,320,
D8150P6,DotMatrixPrinterS4,460,
YS95071,YubaR4,40,
L903I17,LensCap93,900,
D51962U,DehumidifierG3,180,
G9372K0,GameChargerG5,360,
I436H05,InternetLivingRoomFitnessW4,240,
CZ28413,CarEquipment57,630,
M9J6453,Mp4O7,750,
T7E2913,TollMachineU6,530,
N62Z458,NotebookAccessoriesA7,760,
D265U39,DyeSublimationPrinterW3,760,
M5809H7,MotherboardA2,720,
H7143H9,HotPot92,900,
CC50327,CentralWaterHeater34,30,
T7E2913,TollMachineH9,730,
B830R57,BarcodeAndCardReadingEquipment34,140,
S2180L4,SerialCommunicationServerN8,570,
FK39705,FlatFilm27,610,
F790I64,Flash95,410,
A50L172,Air-ConditioningFan21,140,
PY35974,PrintMediaP9,680,
O9F4205,OfficeEquipmentAccessoriesI1,340,
A08264O,AntivirusAndEmailFiltering80,800,
MR46392,MobilePhoneJ2,360,
T739U65,TapeDrives59,970,
M421X86,Multifunctional48,340,
P9L0284,Program-ControlledSwitchD8,830,
EU82057,ElectricBakingPanC6,1000,
C634K72,CashRegister74,570,
N74Y235,NetworkExtenderA0,360,
S0912X5,Server43,870,
N74Y235,NetworkExtenderL1,930,
A4A8763,AttendanceMachine24,410,
D1G4290,DigitizerX4,550,
L29837Y,LaserPointersAndPresentersE8,40,
CC50327,CentralWaterHeaterV6,240,
T0X9417,TelephoneM2,580,
S7Z8134,ServerChassisH9,380,
D68950Z,DigitalFrame12,950,
P09Y825,PocketPcN8,170,
B189A57,BluetoothAdapter64,160,
S6I1543,SoftwareEncryption15,600,
B239N58,BuildingIntercomO1,640,
EE05684,ElectricIronD4,560,
I8206B5,InductionCooker21,180,
MG73026,MobilePhoneCompanionI6,540,
S93N807,SpeakerAccessoriesB0,580,
SR61908,SaasSoftwareE0,590,
D1G4290,Digitizer29,760,
OP18549,OpticalTransceiver76,610,
FG91426,FiberEquipmentB0,1000,
C367T20,CommunicationSoftware13,870,
R796N84,RangeHoodC9,890,
NY39107,NotebookFilm95,630,
IQ87164,InkjetPrintersW0,400,
LR91308,LaminatingMachineV6,920,
L0528N6,LaminatorMoDrive26,690,
JS30927,JuicerJ9,80,
R6K1395,Ram93,10,
C634K72,CashRegister62,790,
L8930C4,LaptopDisplay24,830,
I36Z941,ImageAlarm54,360,
I79Y023,InfraredAdapterS3,110,
S03485W,SoundCard61,170,
F6L2495,FlashCard87,600,
DD18704,DigitalAccessoriesL9,470,
M421X86,Multifunctional39,450,
I8206B5,InductionCookerE7,780,
M9J6453,Mp405,910,
E8T2037,ElectricHeaterE3,660,
W318D96,Walkie-TalkieI5,220,
T1239W5,TabletBag62,30,
E895N12,Earphone27,150,
R243J08,RemoteControlU8,940,
WC49732,WirelessHdX1,710,
V968Q15,VideoGameControllerZ5,360,
M40V792,MobilePhoneChargerD7,180,
C2F0671,Cd24,850,
M421X86,Multifunctional31,470,
K7458M2,KeyboardS0,710,
F1L0847,FootBathEyeProtectionLampG9,210,
T9T8140,ToasterElectricOven06,820,
CN93120,ChassisZ1,810,
V56301I,VideoCaptureCard04,520,
SB01298,Scanner43,820,
E6N2308,ElectronicDictionaryG3,290,
P7604Q5,PbxW9,990,
L8N0649,LaptopC6,610,
D265U39,DyeSublimationPrinterA3,650,
F8E7125,FaxMachineCopierY2,300,
T1749L0,TransceiverU0,430,
B239N58,BuildingIntercom95,970,
G427L06,GameConsoleFilmN3,70,
C2056I7,CabinetS3,940,
C634K72,CashRegisterM3,720,
L85R920,LoadBalancingK8,130,
BE04182,BindingMachineM0,740,
T95761U,TabletBaseW5,360,
EZ12538,ElectricFanU8,230,
L5T1069,LcdMonitor47,630,
M85D039,MonitorH7,630,
C58G293,CameraFilm45,720,
P9L0284,Program-ControlledSwitchS6,100,
SW03642,SoyMilkMachine50,970,
ME59832,MouseFootStickerK1,190,
L903I17,LensCapN9,130,
DR28405,DatabaseSoftwareT5,830,
C7826A5,ComputerRemoteControl02,180,
DB83217,DisinfectionCabinetX2,520,
E895N12,Earphone49,440,
A58192Z,AccessControlMachineY2,720,
C8739R1,CallCenterC9,510,
AE80564,AirPurifierD4,540,
TT21465,TranslationSoftware40,660,
L7P4035,LaptopDesk43,960,
S0912X5,ServerR5,650,
R81O564,RadioYogurtMakerP4,80,
S0912X5,ServerO3,900,
A4A8763,AttendanceMachine76,980,
R04W892,Ribbon17,60,
D230D47,Dishwasher20,230,
D265U39,DyeSublimationPrinter41,110,
R5F0782,Router48,920,
B306F21,Barebones71,190,
D1G4290,Digitizer39,640,
C48967S,ChargerD9,420,
D7903R1,DiskArray34,410,
L891S65,LcdTvG1,550,
T35X601,ToiletSeatC2,650,
E4280M5,EpilatorA8,110,
T540P67,TelephoneConferenceI1,630,
E738Y40,ElectricToothbrush21,380,
B189A57,BluetoothAdapterP2,760,
F9N8470,FocusingScreenU8,350,
SK73928,SurveillanceCaptureCardO3,120,
M62870K,Massager63,80,
W920W86,WirelessSecurityS4,330,
R6K1395,RamZ7,590,
M859T76,ModularInterfaceCardHub47,970,
T1R9247,TvWall19,300,
T67P542,TvBaseT6,990,
L85R920,LoadBalancingD6,480,
A58192Z,AccessControlMachine78,890,
U198C32,UDiskK0,530,
D8150P6,DotMatrixPrinterV1,410,
W05C734,WaterDispenserI8,20,
M6328D7,Mouse94,540,
FC40169,FunctionServerO8,520,
I36Z941,ImageAlarm30,880,
V0W6342,VideoServerD1,760,
PY35974,PrintMediaY8,10,
V56301I,VideoCaptureCard60,750,
NY39107,NotebookFilmY0,780,
M85D039,Monitor75,180,
M320L69,MotherboardChipsetK8,240,
D230D47,Dishwasher49,410,
H089L35,HoodX9,590,
A273M51,Anti-SlipMobilePhone15,240,
H64578X,HeatSink10,390,
FK39705,FlatFilm07,560,
W05C734,WaterDispenserY1,80,
EE05684,ElectricIronB1,950,
W318D96,Walkie-Talkie31,980,
MR92570,MicrophoneDigitalCompanion60,200,
F1L0847,FootBathEyeProtectionLamp14,760,
A37260X,Anti-TheftAlarmHost87,760,
S1490W6,ShutterReleaseP4,740,
PY35974,PrintMediaD1,380,
DB83217,DisinfectionCabinetQ3,780,
C48967S,ChargerF5,330,
GC81302,GasWaterHeaterN7,570,
I1M6430,ImageSoftwareTypesettingSoftwareP6,720,
P09Y825,PocketPc54,490,
W49310P,WirelessNetworkCardX4,580,
M2348K0,MobileHardDisk42,60,
EZ12538,ElectricFanE2,900,
A59027Z,AidedDesign56,790,
M108M47,Micro-WaveOvenJ2,500,
E7R6098,E-Book16,140,
A273M51,Anti-SlipMobilePhoneP9,150,
TU23769,Telescope03,630,
O9F4205,OfficeEquipmentAccessories21,190,
FJ71643,Filter91,940,
C2698S3,Console71,230,
L85R920,LoadBalancingY7,620,
W1473B8,WaterHeater40,840,
C21057Z,CuttingPlotterD4,840,
IQ87164,InkjetPrintersS4,560,
S92348F,ServerAccessoriesO3,140,
C9520Y6,ColdLaminator86,370,
T1R9247,TvWallQ1,330,
C91D367,Camera95,860,
DR28405,DatabaseSoftware09,680,
C741G20,CardReaderQ0,790,
DB83217,DisinfectionCabinetQ0,620,
T67P542,TvBaseP0,350,
CY08734,CursorMarkingMachineR0,370,
R39U102,RefrigeratorZ7,70,
S36N209,Ssd73,930,
D1G4290,Digitizer54,370,
C48967S,ChargerU3,790,
L7P4035,LaptopDesk45,450,
A4158M9,AccessControlSystem78,740,
SL87069,SetTopBoxI0,170,
S8104Z6,Speaker30,160,
L8930C4,LaptopDisplayF0,930,
F24170J,FruitAndVegetableWashingMachineX1,580,
TU23769,TelescopeL9,950,
S7Z8134,ServerChassis79,260,
SL87069,SetTopBoxD3,70,
C48967S,Charger01,990,
IY01329,InductionDetector38,1000,
T035M47,TabletD9,460,
S6I1543,SoftwareEncryption06,90,
M0467E1,MobilePhoneFilm18,420,
R04W892,RibbonS0,520,
L47869Q,LightningProtectionProductsK9,10,
T739U65,TapeDrivesH2,600,
C186H47,ConnectingLine92,780,
C186H47,ConnectingLine13,470,
P3650F7,PrecisionAirConditionerK9,690,
V6Q9754,VoiceRecordingL5,350,
D0W8356,DigitalMobileTvO8,510,
B8E1796,BinocularsJ1,910,
R81O564,RadioYogurtMaker82,870,
E4280M5,EpilatorR1,570,
A08264O,AntivirusAndEmailFiltering47,830,
C96H382,ClusterR4,820,
C1F0953,ComputerFingerprintEncryptionLock83,270,
G21467A,Gps07,980,
S8465W1,SolarWaterHeaters12,590,
C2056I7,Cabinet97,530,
SY73215,SteeringWheel49,850,
B56K283,Blu-RayPlayerD5,700,
R5F0782,Router92,190,
C2F0671,Cd74,800,
GS13927,GamePackW4,810,
S93N807,SpeakerAccessories96,370,
WC49732,WirelessHd53,770,
I41V392,InkCartridgeO9,390,
T0E9518,TesterO7,840,
T5382D6,Tape53,580,
P56U187,PowerAmplifierA3,720,
C78629B,CdPrintRecorder57,780,
SW03642,SoyMilkMachineF7,820,
A392R56,AntivirusSoftware09,460,
O36987R,OperatingSystemY5,900,
N13J804,NotebookCaseZ1,610,
G80142H,GameConsoleBattery25,190,
B830R57,BarcodeAndCardReadingEquipment20,90,
PI37560,PowerLineCommunicationEquipment94,790,
G21467A,GpsE3,680,
SE17564,ServerBarebonesT3,70,
T28310Y,TvHanger86,230,
M5809H7,MotherboardP7,850,
T95761U,TabletBase04,390,
I1M6430,ImageSoftwareTypesettingSoftwareC6,450,
G70Z416,GraphicsCardC0,380,
V0147T3,VideoDistributorR8,590,
G80142H,GameConsoleBatteryB1,820,
D0Q2543,DesktopPc48,480,
SB01298,ScannerO9,550,
H64578X,HeatSink95,520,
O9F4205,OfficeEquipmentAccessories24,230,
M0467E1,MobilePhoneFilmH3,690,
HD86793,HumidifierY1,850,
S5291W4,ServerPower76,470,
WJ50817,WirelessAccessPointZ1,220,
A58192Z,AccessControlMachineA8,350,
C2056I7,CabinetZ3,730,
GC81302,GasWaterHeaterF4,80,
M40V792,MobilePhoneCharger07,680,
L47869Q,LightningProtectionProductsD6,240,
T35X601,ToiletSeatU4,200,
G9372K0,GameChargerN0,590,
T35X601,ToiletSeatM4,390,
WJ50817,WirelessAccessPointR1,490,
L47869Q,LightningProtectionProductsE4,170,
TT21465,TranslationSoftwareU0,160,
R7248S9,RecordingPenA3,30,
C78629B,CdPrintRecorder13,540,
CM46520,CableAdapterCardN9,680,
S92348F,ServerAccessories10,440,
G071O86,GameMachineWire89,850,
V56301I,VideoCaptureCard83,410,
ER04531,ElectricFencF6,60,
S5291W4,ServerPowerH6,770,
U198C32,UDiskJ7,10,
P1275R8,PrintServerV0,840,
D7903R1,DiskArrayM7,570,
G80142H,GameConsoleBatteryZ5,430,
T540P67,TelephoneConferenceY7,50,
B830R57,BarcodeAndCardReadingEquipment71,500,
S03485W,SoundCard93,240,
R5F0782,RouterX4,710,
S7Z8134,ServerChassis71,950,
G80142H,GameConsoleBattery50,890,
CC50327,CentralWaterHeaterX5,360,
P02C741,PaperCutterI4,570,
A794O23,AdapterRing49,20,
I1M6430,ImageSoftwareTypesettingSoftware28,250,
L29837Y,LaserPointersAndPresentersV2,600,
R58049A,ReadingMachineQ3,480,
C95F078,CasetteLibraryD5,220,
LO12047,LensQ4,260,
C2F0671,CdX0,270,
A59027Z,AidedDesignV1,670,
CO19853,Cd-Rom02,650,
SL87069,SetTopBox78,150,
D0W8356,DigitalMobileTv28,180,
L17546O,LaptopDockingStationF9,550,
H7Y6824,Hand-HeldGamingDeviceD7,660,
D1G4290,Digitizer56,130,
S40897X,ServerMotherboardY0,70,
FG91426,FiberEquipmentC4,740,
C9520Y6,ColdLaminator63,870,
V6Q9754,VoiceRecordingR0,310,
S86042Z,SecurityCameraS5,550,
TI26891,TeachingSoftware73,670,
TT21465,TranslationSoftware03,120,
C1F0953,ComputerFingerprintEncryptionLock04,520,
SY73215,SteeringWheelI5,700,
M2348K0,MobileHardDisk72,460,
R7248S9,RecordingPenM2,210,
L15649H,LinePrinter31,460,
O8C6513,OfficeSoftwareT1,460,
BE04182,BindingMachine56,800,
H9842K1,HardDisk52,360,
D7Y5182,DestroyEquipment65,660,
S7K6834,ScreenSplitterX5,730,
H7143H9,HotPotI6,780,
D230D47,Dishwasher18,720,
M6328D7,MouseB8,130,
S5291W4,ServerPower40,670,
D68950Z,DigitalFrame48,510,
S5291W4,ServerPowerV7,390,
W1473B8,WaterHeater94,20,
M79W815,MobilePhoneCarAccessories21,660,
T9508D4,TrafficManagementN0,580,
H7Y6824,Hand-HeldGamingDeviceO6,70,
T540P67,TelephoneConference05,850,
N89L425,NetworkCardG1,780,
O36987R,OperatingSystemH9,660,
T7E2913,TollMachineJ1,30,
R81O564,RadioYogurtMaker75,260,
V0W6342,VideoServerY0,880,
T95761U,TabletBase60,540,
P41857Y,PhysicalSecurityIsolationD9,550,
P9L0284,Program-ControlledSwitchS2,480,
M320L69,MotherboardChipsetY5,690,
C02614Q,Cpu68,350,
S93N807,SpeakerAccessories69,610,
R04W892,RibbonD5,180,
C741G20,CardReaderL3,170,
R2I4560,RealEstateW0,460,
I36Z941,ImageAlarm41,780,
M97X845,MobilePowerK1,440,
P56U187,PowerAmplifierJ9,990,
SK73928,SurveillanceCaptureCard79,710,
M4329T8,Multimedia39,750,
G75X306,GameConsoleMemory17,690,
V0147T3,VideoDistributorZ5,890,
T75D268,Tripod50,580,
R54810N,Repeater18,120,
R6K1395,RamY9,60,
C96H382,Cluster15,320,
FK39705,FlatFilm91,310,
P4052D1,PhotoBox56,920,
D0Q2543,DesktopPcZ6,440,
I94V518,IndustrialControlEquipment60,590,
P1275R8,PrintServer04,350,
ML18593,Minicomputer24,730,
C46258Y,CleaningAndMaintenanceE5,700,
N2364L9,NetworkManagementAndBackupSoftwarevirtualizationSoftware51,340,
C2F0671,Cd49,530,
R243J08,RemoteControlI4,630,
TS64823,TwistedPairW0,400,
W49310P,WirelessNetworkCardL1,40,
C634K72,CashRegisterY2,790,
S6I1543,SoftwareEncryptionY3,80,
V0W6342,VideoServer94,980,
R04W892,Ribbon48,600,
G21467A,Gps21,320,
S0912X5,Server40,670,
L85R920,LoadBalancingY3,460,
E895N12,EarphoneP5,710,
W920W86,WirelessSecurity90,60,
M9P8604,MobilePhoneStylus63,900,
S956G17,SlrHandle74,730,
T38951Z,TabletCase05,260,
DT47956,DvdPlayerG0,330,
BP82450,BillingSystem06,820,
G9372K0,GameChargerK2,20,
HW53167,HomeTheater30,130,
P02C741,PaperCutter65,470,
A58192Z,AccessControlMachineK1,490,
T7E2913,TollMachine62,510,
FG91426,FiberEquipment38,810,
C45R631,Codec76,590,
H089L35,Hood15,790,
L504L71,LaptopPowerAdapter37,540,
CY08734,CursorMarkingMachine03,870,
M48J309,MailServerSoftware74,960,
M9P8604,MobilePhoneStylusX9,440,
D68950Z,DigitalFrameE7,360,
C741G20,CardReaderQ9,780,
O9F4205,OfficeEquipmentAccessories73,830,
H7Y6824,Hand-HeldGamingDeviceN2,210,
OP18549,OpticalTransceiver46,390,
GC81302,GasWaterHeaterF8,900,
A094G67,AccessController53,720,
M328K91,MonitorU9,870,
C1F0953,ComputerFingerprintEncryptionLockE3,580,
C367T20,CommunicationSoftware34,870,
AA85346,All-In-OnePrintingMachineW9,650,
I53862I,IntegratedWiringZ2,360,
SE17564,ServerBarebonesM0,720,
AE80564,AirPurifierO6,200,
TT21465,TranslationSoftware97,770,
EU82057,ElectricBakingPan74,290,
P09Y825,PocketPc24,950,
F40365I,FiberOpticCableT6,730,
M8I1749,MonocularY1,740,
C78629B,CdPrintRecorderL8,940,
M421X86,MultifunctionalF7,440,
C02614Q,Cpu60,780,
O9F4205,OfficeEquipmentAccessories10,530,
TF15948,Toner79,90,
T035M47,Tablet90,240,
C78629B,CdPrintRecorder59,310,
C9520Y6,ColdLaminatorV6,180,
A59027Z,AidedDesign81,540,
A02N847,AudioAndVideoCableP6,210,
S2501J4,ServerHardDrive17,120,
S8104Z6,Speaker31,630,
G9372K0,GameChargerZ3,460,
R81O564,RadioYogurtMaker92,140,
A37260X,Anti-TheftAlarmHost50,310,
C3752Y9,CameraBattery09,160,
R796N84,RangeHoodO1,630,
MG73026,MobilePhoneCompanion86,200,
P4052D1,PhotoBoxP3,30,
TS64823,TwistedPairU0,450,
E2L5374,ElectricKettleR3,570,
D93P178,DevelopSoftware23,100,
C37A594,CameraBag51,420,
C95F078,CasetteLibraryI1,370,
M328K91,Monitor84,370,
T0X9417,TelephoneU9,870,
A08264O,AntivirusAndEmailFilteringE7,70,
K62879Z,KeyboardAndMouseSet90,90,
D7Y5182,DestroyEquipment06,570,
S3R8754,Switch59,880,
P6398B4,PressureCookerS7,540,
S40897X,ServerMotherboard86,550,
C2B7139,CentralControlSystem74,590,
N62Z458,NotebookAccessoriesA6,440,
L92148E,LargeFormatPrinter95,550,
R81O564,RadioYogurtMakerR4,590,
C6C1349,CoffeeMachineK4,650,
F9N8470,FocusingScreenR8,350,
E7R6098,E-Book87,780,
P7604Q5,Pbx97,260,
I41V392,InkCartridgeX2,460,
E8T2037,ElectricHeaterP7,50,
M62870K,Massager82,70,
LR91308,LaminatingMachineY9,160,
P3650F7,PrecisionAirConditionerK4,40,
S8465W1,SolarWaterHeatersU5,230,
C7G8396,CellphoneDataLine14,530,
D0W8356,DigitalMobileTv84,610,
M9J6453,Mp4C9,760,
CS90168,CustomerManagementSoftwareCrm50,580,
S03485W,SoundCardE9,180,
S2180L4,SerialCommunicationServer64,970,
D56294N,DvrL0,870,
E4280M5,EpilatorO0,710,
SK73928,SurveillanceCaptureCardD5,200,
P45Q120,PhotocopyingMachineS8,860,
H7Y6824,Hand-HeldGamingDeviceL3,510,
P4052D1,PhotoBoxU2,780,
P20O395,PedometerT4,240,
C6C1349,CoffeeMachineL7,210,
A50L172,Air-ConditioningFan51,130,
H18Z450,HardDiskExtractionBoxA4,270,
I072X68,IndustrialNetworkSwitchA7,80,
S86042Z,SecurityCamera42,20,
SR61908,SaasSoftware94,780,
E4280M5,EpilatorW2,430,
P7604Q5,Pbx06,310,
LO12047,LensI9,950,
P9L0284,Program-ControlledSwitchZ8,150,
DE13695,DisplayChipB4,220,
C46258Y,CleaningAndMaintenanceY4,830,
HI14706,HotelEntertainment63,100,
L903I17,LensCapU7,640,
M6328D7,MouseG8,190,
H7Y6824,Hand-HeldGamingDeviceR5,840,
F76983D,FlashAccessories76,90,
UL87156,UpsPowerShredderT7,540,
R45327J,RiceCooker18,410,
M489T70,MousePad98,1000,
P1D2567,PhoneVoiceCardC4,930,
UL87156,UpsPowerShredderT4,760,
C9W7563,CardPrinterP8,550,
L7P4035,LaptopDesk56,850,
N62Z458,NotebookAccessories35,420,
H089L35,HoodP6,590,
B56K283,Blu-RayPlayerG1,990,
CY08734,CursorMarkingMachine84,900,
L92148E,LargeFormatPrinterW0,320,
D7903R1,DiskArray38,430,
D51962U,DehumidifierT0,710,
YS95071,YubaE3,710,
L60241X,LabelPrinterA6,980,
S92348F,ServerAccessories38,770,
T035M47,Tablet82,380,
CS90168,CustomerManagementSoftwareCrm36,590,
M859T76,ModularInterfaceCardHub96,470,
E8T2037,ElectricHeaterR1,750,
M62870K,MassagerU3,260,
EE05684,ElectricIronD7,530,
SL87069,SetTopBoxV1,270,
V6Q9754,VoiceRecording38,520,
R54810N,Repeater97,970,
W49310P,WirelessNetworkCardN4,950,
D51962U,Dehumidifier97,300,
M4329T8,Multimedia49,870,
DT47956,DvdPlayer78,980,
L17546O,LaptopDockingStationQ9,780,
C7G8396,CellphoneDataLineP5,60,
AA85346,All-In-OnePrintingMachine57,90,
S2501J4,ServerHardDriveB3,910,
DD18704,DigitalAccessoriesD7,960,
M70628E,MobilePhoneBaseX8,20,
SB01298,Scanner87,120,
F76983D,FlashAccessories02,560,
A59027Z,AidedDesign24,30,
D50A198,DigitalCamera90,460,
F9135R4,Freezer65,990,
P09Y825,PocketPcE0,700,
M97X845,MobilePowerV4,540,
H362I81,HairDryer59,50,
M40V792,MobilePhoneChargerF9,740,
T75D268,TripodF5,140,
T9T8140,ToasterElectricOvenX4,300,
MR92570,MicrophoneDigitalCompanionF7,580,
T0829X7,TonerCartridgeH6,570,
RZ42653,RepeaterK4,250,
F40365I,FiberOpticCable39,240,
K7458M2,Keyboard28,890,
O8C6513,OfficeSoftwareS9,10,
FG91426,FiberEquipmentH6,1000,
B56K283,Blu-RayPlayer63,550,
G427L06,GameConsoleFilmN2,740,
C58G293,CameraFilmO0,360,
S36N209,Ssd50,270,
W05C734,WaterDispenser12,810,
C186H47,ConnectingLine29,200,
V0W6342,VideoServer62,260,
E7R6098,E-BookD6,490,
T9508D4,TrafficManagementF4,690,
WC49732,WirelessHdC8,810,
A35J746,AirConditionerF9,290,
M5809H7,MotherboardZ4,580,
SL87069,SetTopBoxW7,500,
P3650F7,PrecisionAirConditionerI6,1000,
L8N0649,LaptopI7,300,
W52V643,WirelessNetworkCardD4,280,
HI14706,HotelEntertainmentV4,310,
C45R631,CodecH2,850,
F9N8470,FocusingScreenU7,540,
C2698S3,ConsoleA3,320,
P41857Y,PhysicalSecurityIsolation71,460,
L903I17,LensCapR5,850,
T0E9518,Tester74,810,
A59027Z,AidedDesign96,990,
SR61908,SaasSoftwareY1,40,
C186H47,ConnectingLine54,170,
E8T2037,ElectricHeater39,1000,
E4280M5,Epilator24,700,
TI26891,TeachingSoftwareO3,260,
UL87156,UpsPowerShredderJ5,820,
F76983D,FlashAccessories19,300,
T5382D6,TapeS1,40,
O8C6513,OfficeSoftwareD7,670,
A50L172,Air-ConditioningFan81,310,
I36Z941,ImageAlarmA1,930,
I41V392,InkCartridgeC4,160,
PI37560,PowerLineCommunicationEquipmentZ2,620,
L0528N6,LaminatorMoDriveP4,200,
S92348F,ServerAccessoriesC2,570,
F1L0847,FootBathEyeProtectionLamp74,720,
R6713Q9,Razor72,970,
N13J804,NotebookCaseF3,480,
T9T8140,ToasterElectricOven64,670,
M79W815,MobilePhoneCarAccessoriesR1,370,
F6L2495,FlashCard95,180,
N89L425,NetworkCardC7,320,
SB01298,Scanner21,880,
I357B21,InternetBehaviorManagement96,920,
S6I1543,SoftwareEncryptionP5,70,
T0X9417,TelephoneH7,420,
M9J6453,Mp4Z2,230,
N13J804,NotebookCase03,40,
A37260X,Anti-TheftAlarmHostW0,760,
CZ28413,CarEquipment58,370,
S7K6834,ScreenSplitterB7,390,
B830R57,BarcodeAndCardReadingEquipment70,640,
N62Z458,NotebookAccessoriesA4,210,
F24170J,FruitAndVegetableWashingMachineX6,80,
CS90168,CustomerManagementSoftwareCrm49,640,
EU82057,ElectricBakingPanN2,690,
F40365I,FiberOpticCableI3,820,
S2180L4,SerialCommunicationServerP5,650,
P1275R8,PrintServerX4,340,
M97X845,MobilePowerO4,240,
P9L0284,Program-ControlledSwitchB0,340,
N13J804,NotebookCaseP4,530,
UL87156,UpsPowerShredder19,110,
G58A216,GasStoves79,120,
H362I81,HairDryerX7,300,
G071O86,GameMachineWire80,120,
I291Q38,IsbnPrinterW6,250,
C7826A5,ComputerRemoteControlN5,90,
PY35974,PrintMediaL2,340,
HD86793,HumidifierZ4,610,
L17546O,LaptopDockingStation45,200,
D50A198,DigitalCamera56,540,
D8560Q1,DigitalCamera85,110,
I8206B5,InductionCookerD2,560,
T0829X7,TonerCartridge29,950,
FJ71643,Filter19,870,
W52V643,WirelessNetworkCard58,940,
C91D367,Camera35,270,
C7G8396,CellphoneDataLine26,700,
S7K6834,ScreenSplitterN4,300,
K62879Z,KeyboardAndMouseSetF3,520,
CC50327,CentralWaterHeaterI0,760,
R796N84,RangeHoodI8,300,
L47869Q,LightningProtectionProductsV0,500,
