1,T67P542,Tv Base
2,E6N2308,Electronic Dictionary
3,E9G8372,Exhaust Fan
4,M421X86,Multifunctional
5,SE17564,Server Barebones
6,L17546O,Laptop Docking Station
7,D8150P6,Dot Matrix Printer
8,HD86793,Humidifier
9,P41857Y,Physical Security Isolation
10,SY73215,Steering Wheel
11,H7143H9,Hot Pot
12,B239N58,Building Intercom
13,S2180L4,Serial Communication Server
14,C95F078,Casette Library
15,MR92570,Microphone Digital Companion
16,M9J6453,Mp4
17,S5291W4,Server Power
18,T35X601,Toilet Seat
19,D7903R1,Disk Array
20,S86042Z,Security Camera
21,C3752Y9,Camera Battery
22,H8713D4,Hard Disk Recording
23,A35J746,Air Conditioner
24,D56294N,Dvr
25,I41V392,Ink Cartridge
26,L7B6430,Laptop'S Battery
27,P1275R8,Print Server
28,P4052D1,Photo Box
29,P20O395,Pedometer
30,OP18549,Optical Transceiver
31,FK39705,Flat Film
32,H5684K7,Hard Disk
33,M79W815,Mobile Phone Car Accessories
34,T739U65,Tape Drives
35,D0Q2543,Desktop Pc
36,HW53167,Home Theater
37,C741G20,Card Reader
38,T0E9518,Tester
39,P968H24,Power Supply
40,W08294X,Washing Machine
41,G053V91,Game Light Gun Game Peripheral
42,A08264O,Antivirus And Email Filtering
43,O8C6513,Office Software
44,S7K6834,Screen Splitter
45,L47869Q,Lightning Protection Products
46,AE80564,Air Purifier
47,L92148E,Large Format Printer
48,C02614Q,Cpu
49,A392R56,Antivirus Software
50,B830R57,Barcode And Card Reading Equipment
51,F8E7125,Fax Machine Copier
52,R243J08,Remote Control
53,L0528N6,Laminator Mo Drive
54,A273M51,Anti-Slip Mobile Phone
55,YS95071,Yuba
56,M328K91,Monitor
57,HI14706,Hotel Entertainment
58,A37260X,Anti-Theft Alarm Host
59,C48967S,Charger
60,M97X845,Mobile Power
61,E7R6098,E-Book
62,O032T69,Online Telephone
63,DR28405,Database Software
64,F76983D,Flash Accessories
65,R5F0782,Router
66,MM72065,Multiplexer
67,DT47956,Dvd Player
68,M713N46,Microscope
69,P8130N9,Printer
70,P7604Q5,Pbx
71,T28310Y,Tv Hanger
72,WJ50817,Wireless Access Point
73,D50A198,Digital Camera
74,C96H382,Cluster
75,G21467A,Gps
76,RC12709,Receipt Printer
77,T7E2913,Toll Machine
78,MR46392,Mobile Phone
79,C681E75,Cell Phone Battery
80,I291Q38,Isbn Printer
81,TU23769,Telescope
82,A794O23,Adapter Ring
83,O853L07,Other Accessories
84,LR91308,Laminating Machine
85,H4239U1,Handwriting Input
86,T9T8140,Toaster Electric Oven
87,D230D47,Dishwasher
88,A50L172,Air-Conditioning Fan
89,C6C1543,Color Management
90,GC81302,Gas Water Heater
91,H239M48,Hard Disk
92,N89L425,Network Card
93,CY08734,Cursor Marking Machine
94,L15649H,Line Printer
95,M6328D7,Mouse
96,I072X68,Industrial Network Switch
97,P3650F7,Precision Air Conditioner
98,VM86749,Viewfinder
99,D0W8356,Digital Mobile Tv
100,W49310P,Wireless Network Card
101,E738Y40,Electric Toothbrush
102,PY35974,Print Media
103,C98142A,Camera Remote
104,L8N0649,Laptop
105,L504L71,Laptop Power Adapter
106,C46258Y,Cleaning And Maintenance
107,L0X9362,Laser Printer
108,F6L2495,Flash Card
109,P6398B4,Pressure Cooker
110,CF29758,Cd-Rom Box
111,GS13927,Game Pack
112,R54810N,Repeater
113,L891S65,Lcd Tv
114,F24170J,Fruit And Vegetable Washing Machine
115,H089L35,Hood
116,P15647X,Plasma Tv
117,S2501J4,Server Hard Drive
118,U198C32,U Disk
119,T9508D4,Traffic Management
120,V5W8496,Vacuum Cleaner
121,C2056I7,Cabinet
122,TO87603,Tv Player
123,I357B21,Internet Behavior Management
124,W9718W3,Workstation
125,BP82450,Billing System
126,G071O86,Game Machine Wire
127,C6C1349,Coffee Machine
128,R796N84,Range Hood
129,K62879Z,Keyboard And Mouse Set
130,T0X9417,Telephone
131,A31Y204,All In One Computer
132,S93N807,Speaker Accessories
133,G9372K0,Game Charger
134,H18Z450,Hard Disk Extraction Box
135,WC49732,Wireless Hd
136,M8I1749,Monocular
137,C7826A5,Computer Remote Control
138,I94V518,Industrial Control Equipment
139,F4K6753,Firewall
140,C04R672,Converter
141,C58G293,Camera Film
142,T0829X7,Toner Cartridge
143,M4Y8765,Multimedia Software
144,C2B7139,Central Control System
145,WM85971,Wireless Router
146,V0W6342,Video Server
147,C97014N,Cable
148,W1473B8,Water Heater
149,F9135R4,Freezer
150,IZ80719,Intranet Security Network Vulnerability Scanning
151,N13J804,Notebook Case
152,CS90168,Customer Management Software Crm
153,P09Y825,Pocket Pc
154,AE91287,Application Supervision
155,N74Y235,Network Extender
156,D51962U,Dehumidifier
157,N62Z458,Notebook Accessories
158,M0467E1,Mobile Phone Film
159,F9N8470,Focusing Screen
160,CO19853,Cd-Rom
161,P56U187,Power Amplifier
162,EZ12538,Electric Fan
163,CN93120,Chassis
164,P6O1843,Pager
165,P02C741,Paper Cutter
166,T035M47,Tablet
167,H64578X,Heat Sink
168,S7843Q5,Server Memory
169,A4A8763,Attendance Machine
170,R2I4560,Real Estate
171,MC32085,Money Counter
172,R58049A,Reading Machine
173,S8465W1,Solar Water Heaters
174,AU79605,Antenna System
175,C2F0671,Cd
176,C45R631,Codec
177,S40897X,Server Motherboard
178,FG91426,Fiber Equipment
179,CZ28413,Car Equipment
180,R7248S9,Recording Pen
181,C37A594,Camera Bag
182,S956G17,Slr Handle
183,RZ42653,Repeater
184,LO12047,Lens
185,NY39107,Notebook Film
186,D265U39,Dye Sublimation Printer
187,I36Z941,Image Alarm
188,B189A57,Bluetooth Adapter
189,S6I1543,Software Encryption
190,C367T20,Communication Software
191,D7Y5182,Destroy Equipment
192,C63081N,Cd Duplicator
193,SR61908,Saas Software
194,E895N12,Earphone
195,W05C734,Water Dispenser
196,EE05684,Electric Iron
197,L29837Y,Laser Pointers And Presenters
198,S15H647,Surveillance Around
199,T1239W5,Tablet Bag
200,G8573U9,Game Joystick
201,F790I64,Flash
202,UL87156,Ups Power Shredder
203,FC40169,Function Server
204,C634K72,Cash Register
205,TS64823,Twisted Pair
206,V6Q9754,Voice Recording
207,B8E1796,Binoculars
208,SW03642,Soy Milk Machine
209,M85D039,Monitor
210,CG63821,Computer Terminal
211,M2589S0,Mp3
212,L85R920,Load Balancing
213,C9520Y6,Cold Laminator
214,L903I17,Lens Cap
215,I436H05,Internet Living Room Fitness
216,M5809H7,Motherboard
217,CC50327,Central Water Heater
218,O9F4205,Office Equipment Accessories
219,P9L0284,Program-Controlled Switch
220,EU82057,Electric Baking Pan
221,S0912X5,Server
222,D1G4290,Digitizer
223,S7Z8134,Server Chassis
224,D68950Z,Digital Frame
225,I8206B5,Induction Cooker
226,MG73026,Mobile Phone Companion
227,IQ87164,Inkjet Printers
228,JS30927,Juicer
229,R6K1395,Ram
230,L8930C4,Laptop Display
231,I79Y023,Infrared Adapter
232,S03485W,Sound Card
233,DD18704,Digital Accessories
234,E8T2037,Electric Heater
235,W318D96,Walkie-Talkie
236,V968Q15,Video Game Controller
237,M40V792,Mobile Phone Charger
238,K7458M2,Keyboard
239,F1L0847,Foot Bath Eye Protection Lamp
240,V56301I,Video Capture Card
241,SB01298,Scanner
242,T1749L0,Transceiver
243,G427L06,Game Console Film
244,BE04182,Binding Machine
245,T95761U,Tablet Base
246,L5T1069,Lcd Monitor
247,ME59832,Mouse Foot Sticker
248,DB83217,Disinfection Cabinet
249,A58192Z,Access Control Machine
250,C8739R1,Call Center
251,TT21465,Translation Software
252,L7P4035,Laptop Desk
253,R81O564,Radio Yogurt Maker
254,R04W892,Ribbon
255,B306F21,Barebones
256,E4280M5,Epilator
257,T540P67,Telephone Conference
258,SK73928,Surveillance Capture Card
259,M62870K,Massager
260,W920W86,Wireless Security
261,M859T76,Modular Interface Card Hub
262,T1R9247,Tv Wall
263,M320L69,Motherboard Chipset
264,S1490W6,Shutter Release
265,I1M6430,Image Software Typesetting Software
266,M2348K0,Mobile Hard Disk
267,A59027Z,Aided Design
268,M108M47,Micro-Wave Oven
269,FJ71643,Filter
270,C2698S3,Console
271,C21057Z,Cutting Plotter
272,S92348F,Server Accessories
273,C91D367,Camera
274,R39U102,Refrigerator
275,S36N209,Ssd
276,A4158M9,Access Control System
277,SL87069,Set Top Box
278,S8104Z6,Speaker
279,IY01329,Induction Detector
280,C186H47,Connecting Line
281,C1F0953,Computer Fingerprint Encryption Lock
282,B56K283,Blu-Ray Player
283,T5382D6,Tape
284,C78629B,Cd Print Recorder
285,O36987R,Operating System
286,G80142H,Game Console Battery
287,PI37560,Power Line Communication Equipment
288,G70Z416,Graphics Card
289,V0147T3,Video Distributor
290,CM46520,Cable Adapter Card
291,ER04531,Electric Fenc
292,H7Y6824,Hand-Held Gaming Device
293,TI26891,Teaching Software
294,H9842K1,Hard Disk
295,M4329T8,Multimedia
296,G75X306,Game Console Memory
297,T75D268,Tripod
298,ML18593,Minicomputer
299,N2364L9,Network Management And Backup Softwarevirtualization Software
300,M9P8604,Mobile Phone Stylus
301,T38951Z,Tablet Case
302,M48J309,Mail Server Software
303,A094G67,Access Controller
304,AA85346,All-In-One Printing Machine
305,I53862I,Integrated Wiring
306,F40365I,Fiber Optic Cable
307,TF15948,Toner
308,A02N847,Audio And Video Cable
309,E2L5374,Electric Kettle
310,D93P178,Develop Software
311,S3R8754,Switch
312,C7G8396,Cellphone Data Line
313,P45Q120,Photocopying Machine
314,DE13695,Display Chip
315,R45327J,Rice Cooker
316,M489T70,Mouse Pad
317,P1D2567,Phone Voice Card
318,C9W7563,Card Printer
319,L60241X,Label Printer
320,M70628E,Mobile Phone Base
321,H362I81,Hair Dryer
322,W52V643,Wireless Network Card
323,R6713Q9,Razor
324,G58A216,Gas Stoves
325,D8560Q1,Digital Camera
